data_provider,site,lat,lon,date,species,coral_type,n_alive,n_dead,n_geno,n_total,pct_mort,n_total_cat,subregion,siteclust
crf,crf.Carysfort Reef North CF North S2 Patch Reef UWCK,25.221800000000002,-80.21,2023-08-04,ACER,Outplant,58,342,10,400,0.855,"[100,1e+03)",Upper Keys,1
crf,crf.Carysfort Reef South CF South S1 RC Area 6,25.221800000000002,-80.21,2023-08-11,ACER,Outplant,99,84,4,183,0.45901639344262296,"[100,1e+03)",Upper Keys,1
crf,crf.Carysfort Reef South CF South S2 FRT Area 8,25.221800000000002,-80.21,2023-11-07,ACER,Outplant,0,101,4,101,1,"[100,1e+03)",Upper Keys,1
crf,crf.Carysfort Reef South CF South S2 FRT Area 9,25.221800000000002,-80.21,2023-11-07,ACER,Outplant,0,40,2,40,1,"[10,100)",Upper Keys,1
crf,crf.Eastern Dry Rocks EDR S7 FRT Area 1,24.46286,-81.84355,2023-11-07,ACER,Outplant,0,400,8,400,1,"[100,1e+03)",Lower Keys,2
crf,crf.Eastern Dry Rocks EDR S7 FRT Area 2,24.46286,-81.84355,2023-11-07,ACER,Outplant,0,518,4,518,1,"[100,1e+03)",Lower Keys,2
crf,crf.Eastern Dry Rocks EDR S8 FRT Area 5-8,24.46286,-81.84355,2023-08-11,ACER,Outplant,99,440,12,539,0.8163265306122449,"[100,1e+03)",Lower Keys,2
crf,crf.Eastern Dry Rocks EDR S8 FRT Area 5-8,24.46286,-81.84355,2023-08-11,ACER,Outplant,28,511,14,539,0.948051948051948,"[100,1e+03)",Lower Keys,2
crf,crf.Newfound Harbor S9 Patch Reef Area 2,24.61541,-81.3918,2023-09-18,ACER,Outplant,0,288,4,288,1,"[100,1e+03)",Lower Keys,3
crf,crf.Pickles Reef Pickles 2022 Area 9 (stag),24.98715,-80.41491,2023-09-09,ACER,Outplant,244,1025,1,1269,0.8077226162332545,"[1e+03,7e+03)",Upper Keys,4
crf,crf.Pickles Reef Pickles 2022 Dive Program Area 7_1-3,24.98715,-80.41491,2023-09-09,ACER,Outplant,18,214,9,232,0.9224137931034483,"[100,1e+03)",Upper Keys,4
crf,crf.Pickles Reef Pickles 2022 Dive Program Area 7_4-5,24.98715,-80.41491,2023-09-09,ACER,Outplant,65,104,8,169,0.6153846153846154,"[100,1e+03)",Upper Keys,4
crf,crf.Pickles Reef Pickles 2022 Dive Program Area 8_1-2,24.98715,-80.41491,2024-01-04,ACER,Outplant,0,81,3,81,1,"[10,100)",Upper Keys,4
crf,crf.Pickles Reef Reef  Futures (coral clip),24.98715,-80.41491,2023-10-09,ACER,Outplant,0,350,1,350,1,"[100,1e+03)",Upper Keys,4
crf,crf.Sombrero Reef S5 S&G Area 2 (Stag),24.62645,-81.11082,2023-09-14,ACER,Outplant,0,700,9,700,1,"[100,1e+03)",Middle Keys,5
crf,crf.Carysfort Reef North CF North S5 Back Reef Area 1,25.221800000000002,-80.21,2024-01-31,ACER,Outplant,24,980,14,1004,0.9760956175298805,"[1e+03,7e+03)",Upper Keys,1
crf,crf.Carysfort Reef South CF South S4 Deep Reef Area 1,25.221800000000002,-80.21,2024-01-31,ACER,Outplant,31,133,4,164,0.8109756097560976,"[100,1e+03)",Upper Keys,1
crf,crf.Carysfort Reef South CF South S5 Spur and Groove Area 1,25.221800000000002,-80.21,2024-01-31,ACER,Outplant,98,498,5,596,0.8355704697986577,"[100,1e+03)",Upper Keys,1
crf,crf.Carysfort Reef South CF South S5 Spur and Groove Area 2,25.221800000000002,-80.21,2024-02-13,ACER,Outplant,0,271,5,271,1,"[100,1e+03)",Upper Keys,1
crf,crf.Eastern Dry Rocks EDR S6 Forereef Terrace Area 3,24.46286,-81.84355,2024-05-10,ACER,Outplant,0,306,6,306,1,"[100,1e+03)",Lower Keys,2
crf,crf.Newfound Harbor NFH S11 Patch Reef Area 1,24.61541,-81.3918,2024-03-12,ACER,Outplant,0,202,4,202,1,"[100,1e+03)",Lower Keys,3
crf,crf.Pickles Reef Pickles 2023 Channel 4 Media,24.98715,-80.41491,2024-01-05,ACER,Outplant,20,0,1,20,0,"[10,100)",Upper Keys,4
crf,crf.Pickles Reef Pickles 2023 Dive Program Area 1,24.98715,-80.41491,2024-01-05,ACER,Outplant,0,52,1,52,1,"[10,100)",Upper Keys,4
crf,crf.Pickles Reef Pickles 2023 Dive Program Area 2,24.98715,-80.41491,2024-01-05,ACER,Outplant,0,38,1,38,1,"[10,100)",Upper Keys,4
crf,crf.Pickles Reef Pickles 2023 Dive Program Area 5,24.98715,-80.41491,2024-04-12,ACER,Outplant,0,102,2,102,1,"[100,1e+03)",Upper Keys,4
crf,crf.Carysfort Reef South CF South S1 RC Area 2,25.221800000000002,-80.21,2023-08-11,APAL,Outplant,149,263,8,412,0.6383495145631068,"[100,1e+03)",Upper Keys,1
crf,crf.Carysfort Reef South CF South S1 RC Area 3,25.221800000000002,-80.21,2023-08-11,APAL,Outplant,86,197,7,283,0.696113074204947,"[100,1e+03)",Upper Keys,1
crf,crf.Carysfort Reef South CF South S1 RC Area 4,25.221800000000002,-80.21,2023-08-11,APAL,Outplant,0,238,6,238,1,"[100,1e+03)",Upper Keys,1
crf,crf.Carysfort Reef South CF South S1 RC Area 5,25.221800000000002,-80.21,2023-08-11,APAL,Outplant,0,461,7,461,1,"[100,1e+03)",Upper Keys,1
crf,crf.Eastern Dry Rocks EDR S8 Reef Crest Area 2,24.46286,-81.84355,2023-12-04,APAL,Outplant,0,1185,24,1185,1,"[1e+03,7e+03)",Lower Keys,2
crf,crf.Eastern Dry Rocks EDR S9 Reef Crest Area 2,24.46286,-81.84355,2023-08-01,APAL,Outplant,0,847,8,847,1,"[100,1e+03)",Lower Keys,2
crf,crf.Eastern Dry Rocks EDR S9 Reef Crest Area 3,24.46286,-81.84355,2023-08-16,APAL,Outplant,55,369,7,424,0.8702830188679245,"[100,1e+03)",Lower Keys,2
crf,crf.Eastern Dry Rocks EDR S9 Reef Crest Area 4,24.46286,-81.84355,2023-10-31,APAL,Outplant,0,367,10,367,1,"[100,1e+03)",Lower Keys,2
crf,crf.Eastern Dry Rocks EDR S9 Reef Crest Area 5,24.46286,-81.84355,2023-10-31,APAL,Outplant,0,286,5,286,1,"[100,1e+03)",Lower Keys,2
crf,crf.Eastern Dry Rocks EDR S9 Reef Crest Area 6,24.46286,-81.84355,2023-10-31,APAL,Outplant,0,116,2,116,1,"[100,1e+03)",Lower Keys,2
crf,crf.Pickles Reef Pickles 2022 Area 10 (elk),24.98715,-80.41491,2023-09-09,APAL,Outplant,7,821,NA,828,0.9915458937198067,"[100,1e+03)",Upper Keys,4
crf,crf.Pickles Reef Pickles 2022 Area 8_1-8 (elk),24.98715,-80.41491,2023-08-14,APAL,Outplant,847,2514,36,3361,0.7479916691460875,"[1e+03,7e+03)",Upper Keys,4
crf,crf.Sombrero Reef S4 S&G Area 1 (Elk),24.62645,-81.11082,2023-09-14,APAL,Outplant,0,795,NA,795,1,"[100,1e+03)",Middle Keys,5
crf,crf.Sombrero Reef S5 RC Area 5-7 (Elk),24.62645,-81.11082,2023-09-14,APAL,Outplant,141,1016,NA,1157,0.878133102852204,"[1e+03,7e+03)",Middle Keys,5
crf,crf.Sombrero Reef S5 S&G Area 3 (Elk),24.62645,-81.11082,2023-09-14,APAL,Outplant,0,174,3,174,1,"[100,1e+03)",Middle Keys,5
crf,crf.Sombrero Reef S6 RC Area 2 (Elk),24.62645,-81.11082,2023-09-14,APAL,Outplant,0,267,NA,267,1,"[100,1e+03)",Middle Keys,5
crf,crf.Carysfort Reef South CF South S5 Reef Crest Training Area 1,25.221800000000002,-80.21,2024-02-13,APAL,Outplant,0,52,1,52,1,"[10,100)",Upper Keys,1
crf,crf.Carysfort Reef South CF South S5 Reef Crest Training Area 2,25.221800000000002,-80.21,2024-02-13,APAL,Outplant,0,45,1,45,1,"[10,100)",Upper Keys,1
crf,crf.Looe Key Looe S11 Spur and Groove Area 2,24.54624,-81.40547,2024-03-12,APAL,Outplant,0,324,6,324,1,"[100,1e+03)",Lower Keys,6
crf,crf.Pickles Reef Pickles 2023 Area 1,24.98715,-80.41491,2024-01-05,APAL,Outplant,0,209,4,209,1,"[100,1e+03)",Upper Keys,4
dw,dw.Allans,25.164116,-80.277266,2023-11-27,APAL,Wild,0,12,NA,12,1,"[10,100)",Upper Keys,7
dw,dw.Carysfort,25.22374475,-80.209705325,2023-10-31,APAL,Wild,0,71,NA,71,1,"[10,100)",Upper Keys,1
dw,dw.Carysfort,25.22753,-80.2073,2024-02-01,APAL,Wild,1,0,NA,1,0,"[0,10)",Upper Keys,1
dw,dw.Conch,24.960605333333334,-80.45652223333333,2023-12-04,APAL,Wild,0,28,NA,28,1,"[10,100)",Middle Keys,8
dw,dw.Elbow,25.14260440714286,-80.25844086428572,2023-11-17,APAL,Wild,156,69,NA,225,0.30666666666666664,"[100,1e+03)",Upper Keys,9
dw,dw.French,25.033713,-80.3494685,2023-10-23,APAL,Wild,0,12,NA,12,1,"[10,100)",Upper Keys,10
dw,dw.French,25.0340667,-80.35175,2023-12-05,APAL,Wild,0,3,NA,3,1,"[0,10)",Upper Keys,10
dw,dw.French,25.0335,-80.34959,2024-02-01,APAL,Wild,1,0,NA,1,0,"[0,10)",Upper Keys,10
dw,dw.Grecian,25.1090905,-80.3057435,2023-10-01,APAL,Wild,0,5,NA,5,1,"[0,10)",Upper Keys,11
dw,dw.Grecian,25.1100245,-80.3052165,2023-12-05,APAL,Wild,0,20,NA,20,1,"[10,100)",Upper Keys,11
dw,dw.Horseshoe,25.139883349999998,-80.29434985,2023-09-25,APAL,Wild,0,147,NA,147,1,"[100,1e+03)",Upper Keys,12
dw,dw.Little Conch,24.939072,-80.484465,2023-09-25,APAL,Wild,0,6,NA,6,1,"[0,10)",Middle Keys,13
dw,dw.Little Elbow,25.154288649999998,-80.2678,2023-11-27,APAL,Wild,42,20,NA,62,0.3225806451612903,"[10,100)",Upper Keys,9
dw,dw.Little Grecian,25.11904565,-80.30037899999999,2023-10-11,APAL,Wild,0,9,NA,9,1,"[0,10)",Upper Keys,11
dw,dw.Molasses,25.009442175,-80.37466125,2023-12-04,APAL,Wild,0,4,NA,4,1,"[0,10)",Upper Keys,14
dw,dw.North Dry Rocks,25.130162,-80.293893,2023-09-25,APAL,Wild,0,1,NA,1,1,"[0,10)",Upper Keys,12
dw,dw.North Dry Rocks,25.129521,-80.293583,2023-10-06,APAL,Wild,0,5,NA,5,1,"[0,10)",Upper Keys,12
dw,dw.North Dry Rocks,25.129708,-80.293758,2023-11-27,APAL,Wild,0,3,NA,3,1,"[0,10)",Upper Keys,12
dw,dw.North North Dry Rocks,25.13741,-80.2893,2023-10-11,APAL,Wild,0,1,NA,1,1,"[0,10)",Upper Keys,12
dw,dw.North North Dry Rocks,25.137238,-80.28953723333333,2023-12-05,APAL,Wild,0,57,NA,57,1,"[10,100)",Upper Keys,12
dw,dw.Patch Near S Carysfort,25.2092,-80.243,2023-10-31,APAL,Wild,0,9,NA,9,1,"[0,10)",Upper Keys,15
dw,dw.Phils,25.01575,-80.405216,2023-12-04,APAL,Wild,0,30,NA,30,1,"[10,100)",Upper Keys,16
dw,dw.Pickles,24.9849167,-80.41765,2023-10-23,APAL,Wild,0,1,NA,1,1,"[0,10)",Upper Keys,4
dw,dw.Pickles,24.9853,-80.416316,2023-12-04,APAL,Wild,0,1,NA,1,1,"[0,10)",Upper Keys,4
dw,dw.Sand Island,25.018058500000002,-80.3684995,2023-12-04,APAL,Wild,0,49,NA,49,1,"[10,100)",Upper Keys,14
dw,dw.South Carysfort,25.208584000000002,-80.22079375,2023-10-31,APAL,Wild,0,41,NA,41,1,"[10,100)",Upper Keys,17
dw,dw.Triple A,25.171266,-80.266,2023-11-27,APAL,Wild,0,1,NA,1,1,"[0,10)",Upper Keys,18
dw,dw.Turtle Rocks,25.2807167,-80.2088667,2023-07-26,APAL,Wild,0,140,NA,140,1,"[100,1e+03)",Upper Keys,19
dw,dw.U91,25.1554,-80.286716,2023-11-27,APAL,Wild,0,4,NA,4,1,"[0,10)",Upper Keys,7
dw,dw.Watsons,25.186216616666666,-80.24255788333333,2023-10-31,APAL,Wild,3,53,NA,56,0.9464285714285714,"[10,100)",Upper Keys,20
fwc,fwc.Palmata Patch,24.62079,-82.86737,2023-08-09,APAL,Wild,124,7,NA,131,0.05343511450381679,"[100,1e+03)",Tortugas--Dry Tortugas NP,21
fwc,fwc.Palmata Patch,24.62079,-82.86737,2024-02-02,APAL,Wild,0,131,NA,131,1,"[100,1e+03)",Tortugas--Dry Tortugas NP,21
fwc,fwc.Acropolis,24.6802,-82.891217,2024-02-02,APAL,Wild,0,5,NA,5,1,"[0,10)",Tortugas--Dry Tortugas NP,22
fwc,fwc.Looe Key,24.54647,-81.40553,2023-07-25,APAL,Wild,45,27,NA,72,0.375,"[10,100)",Lower Keys,6
fwc,fwc.Looe Key,24.54647,-81.40553,2023-12-05,APAL,Wild,0,72,NA,72,1,"[10,100)",Lower Keys,6
fwc,fwc.Looe Key,24.54647,-81.40553,2023-07-25,APAL,Outplant,12,5,NA,17,0.29411764705882354,"[10,100)",Lower Keys,6
fwc,fwc.Looe Key,24.54647,-81.40553,2023-12-05,APAL,Outplant,0,17,NA,17,1,"[10,100)",Lower Keys,6
fwc,fwc.Sombrero Reef,24.62616,-81.1106,2023-07-31,APAL,Wild,3,13,NA,16,0.8125,"[10,100)",Middle Keys,5
fwc,fwc.Sombrero Reef,24.62616,-81.1106,2023-12-04,APAL,Wild,0,16,NA,16,1,"[10,100)",Middle Keys,5
fwc,fwc.Sombrero Reef,24.62616,-81.1106,2023-07-31,APAL,Outplant,14,8,NA,22,0.36363636363636365,"[10,100)",Middle Keys,5
fwc,fwc.Sombrero Reef,24.62616,-81.1106,2023-12-04,APAL,Outplant,5,17,NA,22,0.7727272727272727,"[10,100)",Middle Keys,5
fwc,fwc.Ball Buoy,25.31618,-80.187916,2023-08-03,APAL,Wild,17,0,NA,17,0,"[10,100)",Biscayne,23
fwc,fwc.Ball Buoy,25.31618,-80.187916,2023-11-17,APAL,Wild,15,2,NA,17,0.11764705882352941,"[10,100)",Biscayne,23
fwc,fwc.Marker 3,25.3732,-80.16031,2023-08-03,APAL,Wild,14,0,NA,14,0,"[10,100)",Biscayne,24
fwc,fwc.Marker 3,25.3732,-80.16031,2023-11-17,APAL,Wild,0,14,NA,14,1,"[10,100)",Biscayne,24
mml,mml.A_5,24.55284,-81.38387,2023-11-09,ACER,Outplant,0,15,NA,15,1,"[10,100)",Lower Keys,25
mml,mml.AA_10,24.53336,-81.47099,2023-11-17,ACER,Outplant,0,496,NA,496,1,"[100,1e+03)",Lower Keys,26
mml,mml.AA_7,24.53331,-81.47059,2023-11-17,ACER,Outplant,0,284,NA,284,1,"[100,1e+03)",Lower Keys,26
mml,mml.AA_8,24.53267,-81.4683,2023-11-17,ACER,Outplant,12,158,NA,170,0.9294117647058824,"[100,1e+03)",Lower Keys,26
mml,mml.AA_AC_1,24.53395,-81.47822,2023-11-28,ACER,Outplant,158,46,NA,204,0.22549019607843138,"[100,1e+03)",Lower Keys,26
mml,mml.AB_5,24.52031,-81.54101,2023-12-04,ACER,Outplant,0,225,NA,225,1,"[100,1e+03)",Lower Keys,27
mml,mml.AB_6,24.51765,-81.54155,2023-12-04,ACER,Outplant,0,44,NA,44,1,"[10,100)",Lower Keys,27
mml,mml.AB_7,24.51796,-81.54226,2023-12-04,ACER,Outplant,0,486,NA,486,1,"[100,1e+03)",Lower Keys,27
mml,mml.AB_8,24.51847,-81.54015,2023-12-04,ACER,Outplant,0,500,NA,500,1,"[100,1e+03)",Lower Keys,27
mml,mml.AB_AC_1,24.52003,-81.54063,2023-12-04,ACER,Outplant,9,72,NA,81,0.8888888888888888,"[10,100)",Lower Keys,27
mml,mml.AC_2,24.51561,-81.55064,2023-11-28,ACER,Outplant,0,205,NA,205,1,"[100,1e+03)",Lower Keys,27
mml,mml.AC_3,24.51415,-81.55301,2023-11-28,ACER,Outplant,0,275,NA,275,1,"[100,1e+03)",Lower Keys,27
mml,mml.AC_4,24.51391,-81.55318,2023-11-28,ACER,Outplant,0,489,NA,489,1,"[100,1e+03)",Lower Keys,27
mml,mml.AC_AC_1,24.5145,-81.55344,2023-11-28,ACER,Outplant,0,126,NA,126,1,"[100,1e+03)",Lower Keys,27
mml,mml.AC_AC_2,24.51424,-81.55301,2023-11-28,ACER,Outplant,141,67,NA,208,0.32211538461538464,"[100,1e+03)",Lower Keys,27
mml,mml.AC_IAP_1,24.5145,-81.55344,2023-11-28,APAL,Outplant,0,24,NA,24,1,"[10,100)",Lower Keys,27
mml,mml.AD_1,24.50667,-81.58897,2023-11-10,ACER,Outplant,0,245,NA,245,1,"[100,1e+03)",Lower Keys,28
mml,mml.AE_1,24.50531,-81.59803,2023-11-10,ACER,Outplant,0,252,NA,252,1,"[100,1e+03)",Lower Keys,28
mml,mml.BA_3,24.47161,-81.76494,2023-11-10,ACER,Outplant,0,155,NA,155,1,"[100,1e+03)",Lower Keys,29
mml,mml.BA_4,24.47212,-81.76418,2023-11-10,ACER,Outplant,0,499,NA,499,1,"[100,1e+03)",Lower Keys,29
mml,mml.BC_4,24.44471,-81.92638,2024-01-16,ACER,Outplant,0,116,NA,116,1,"[100,1e+03)",Lower Keys,30
mml,mml.BC_5,24.4449,-81.92522,2024-01-16,ACER,Outplant,3,481,NA,484,0.993801652892562,"[100,1e+03)",Lower Keys,30
mml,mml.BD_2,24.45692,-81.90785,2024-01-16,ACER,Outplant,0,490,NA,490,1,"[100,1e+03)",Lower Keys,31
mml,mml.BE_1,24.49538,-81.64792,2023-11-10,ACER,Outplant,0,498,NA,498,1,"[100,1e+03)",Lower Keys,32
mml,mml.C_10,24.53004,-81.48972,2023-11-28,ACER,Outplant,0,299,NA,299,1,"[100,1e+03)",Lower Keys,33
mml,mml.C_11,24.52945,-81.48992,2023-12-05,ACER,Outplant,0,145,NA,145,1,"[100,1e+03)",Lower Keys,33
mml,mml.C_12,24.53181,-81.48286,2023-11-17,ACER,Outplant,0,122,NA,122,1,"[100,1e+03)",Lower Keys,33
mml,mml.C_13,24.53051,-81.48792,2023-11-28,ACER,Outplant,0,499,NA,499,1,"[100,1e+03)",Lower Keys,33
mml,mml.C_AC_1,24.5317,-81.48325,2023-11-28,ACER,Outplant,1,64,NA,65,0.9846153846153847,"[10,100)",Lower Keys,33
mml,mml.CI_AC_3,24.62133,-81.36317,2023-10-17,ACER,Outplant,0,74,NA,74,1,"[10,100)",Lower Keys,34
mml,mml.CK_LK_2,24.54672,-81.40159,2023-11-08,ACER,Outplant,3,85,NA,88,0.9659090909090909,"[10,100)",Lower Keys,6
mml,mml.CO_1,24.68441,-80.96599,2023-10-06,ACER,Outplant,0,393,NA,393,1,"[100,1e+03)",Middle Keys,35
mml,mml.CP_AC_1,24.61466,-81.37912,2023-10-17,ACER,Outplant,0,96,NA,96,1,"[10,100)",Lower Keys,3
mml,mml.ES_1,24.49289,-81.65966,2023-11-10,ACER,Outplant,0,500,NA,500,1,"[100,1e+03)",Lower Keys,32
mml,mml.ES_AP_1,24.49306,-81.65985,2023-11-27,APAL,Outplant,5,1195,NA,1200,0.9958333333333333,"[1e+03,7e+03)",Lower Keys,32
mml,mml.IC_C_1b,24.53116,-81.48455,2024-02-02,ACER,Outplant,0,100,NA,100,1,"[100,1e+03)",Lower Keys,33
mml,mml.IC_C_3b,24.53109,-81.48502,2024-02-02,ACER,Outplant,0,125,NA,125,1,"[100,1e+03)",Lower Keys,33
mml,mml.IC_U_2b,24.54045,-81.44542,2023-09-29,ACER,Outplant,0,100,NA,100,1,"[100,1e+03)",Lower Keys,36
mml,mml.IC_U_3b,24.54047,-81.44465,2023-09-29,ACER,Outplant,0,125,NA,125,1,"[100,1e+03)",Lower Keys,36
mml,mml.IC_Z_2b,24.5274,-81.49897,2024-02-02,ACER,Outplant,0,100,NA,100,1,"[100,1e+03)",Lower Keys,37
mml,mml.IC_Z_3b,24.52757,-81.49843,2024-02-02,ACER,Outplant,0,125,NA,125,1,"[100,1e+03)",Lower Keys,37
mml,mml.M32_4,24.47277,-81.7462,2023-11-10,ACER,Outplant,0,124,NA,124,1,"[100,1e+03)",Lower Keys,38
mml,mml.M32_5,24.47325,-81.74539,2023-10-09,ACER,Outplant,0,397,NA,397,1,"[100,1e+03)",Lower Keys,38
mml,mml.M32_AC_1,24.47251,-81.74643,2023-11-10,ACER,Outplant,36,181,NA,217,0.8341013824884793,"[100,1e+03)",Lower Keys,38
mml,mml.MD_1,24.48972,-81.67159,2023-11-10,ACER,Outplant,0,376,NA,376,1,"[100,1e+03)",Lower Keys,39
mml,mml.MS_2,24.51033,-81.57043,2023-12-04,ACER,Outplant,0,255,NA,255,1,"[100,1e+03)",Lower Keys,40
mml,mml.MS_3,24.50942,-81.57014,2023-12-04,ACER,Outplant,0,494,NA,494,1,"[100,1e+03)",Lower Keys,40
mml,mml.MS_4,24.50944,-81.57046,2023-12-04,ACER,Outplant,0,494,NA,494,1,"[100,1e+03)",Lower Keys,40
mml,mml.MS_5,24.51045,-81.56986,2023-09-29,ACER,Outplant,0,300,NA,300,1,"[100,1e+03)",Lower Keys,40
mml,mml.MS_AP_2,24.51066,-81.56993,2023-12-04,APAL,Outplant,3,591,NA,594,0.9949494949494949,"[100,1e+03)",Lower Keys,40
mml,mml.P_8,24.55364,-81.37794,2023-11-09,ACER,Outplant,0,243,NA,243,1,"[100,1e+03)",Lower Keys,25
mml,mml.P_9,24.55395,-81.37583,2023-11-09,ACER,Outplant,0,486,NA,486,1,"[100,1e+03)",Lower Keys,25
mml,mml.P_AP_2,24.55327,-81.37852,2023-10-18,APAL,Outplant,2,285,NA,287,0.9930313588850174,"[100,1e+03)",Lower Keys,25
mml,mml.PS_1,24.49946,-81.63166,2023-11-10,ACER,Outplant,0,249,NA,249,1,"[100,1e+03)",Lower Keys,41
mml,mml.PS_2,24.49977,-81.63126,2023-11-10,ACER,Outplant,0,500,NA,500,1,"[100,1e+03)",Lower Keys,41
mml,mml.Q_14,24.52287,-81.51825,2023-12-04,ACER,Outplant,0,139,NA,139,1,"[100,1e+03)",Lower Keys,42
mml,mml.Q_15,24.52318,-81.51608,2023-12-04,ACER,Outplant,0,189,NA,189,1,"[100,1e+03)",Lower Keys,42
mml,mml.Q_16,24.52185,-81.52222,2023-12-04,ACER,Outplant,0,490,NA,490,1,"[100,1e+03)",Lower Keys,42
mml,mml.Q_17,24.52206,-81.52215,2023-09-29,ACER,Outplant,0,296,NA,296,1,"[100,1e+03)",Lower Keys,42
mml,mml.Q_AP_6,24.52206,-81.52215,2023-12-04,APAL,Outplant,2,610,NA,612,0.9967320261437909,"[100,1e+03)",Lower Keys,42
mml,mml.R_12,24.45459,-81.85703,2023-11-09,ACER,Outplant,0,299,NA,299,1,"[100,1e+03)",Lower Keys,2
mml,mml.R_13,24.45491,-81.85671,2023-10-05,ACER,Outplant,0,284,NA,284,1,"[100,1e+03)",Lower Keys,2
mml,mml.R_AC_1,24.4546,-81.85729,2023-11-29,ACER,Outplant,5,50,NA,55,0.9090909090909091,"[10,100)",Lower Keys,2
mml,mml.R_AP_1,24.45498,-81.8568,2024-01-31,APAL,Outplant,3,588,NA,591,0.9949238578680203,"[100,1e+03)",Lower Keys,2
mml,mml.RB_C_1,24.53134,-81.48423,2023-11-08,ACER,Outplant,0,125,NA,125,1,"[100,1e+03)",Lower Keys,33
mml,mml.RB_C_2,24.53122,-81.48477,2023-11-08,ACER,Outplant,0,125,NA,125,1,"[100,1e+03)",Lower Keys,33
mml,mml.RB_C_3,24.53106,-81.48518,2023-11-08,ACER,Outplant,0,125,NA,125,1,"[100,1e+03)",Lower Keys,33
mml,mml.RB_U_1,24.54088,-81.44345,2023-11-08,ACER,Outplant,0,125,NA,125,1,"[100,1e+03)",Lower Keys,36
mml,mml.RB_U_2,24.5406,-81.44416,2023-11-08,ACER,Outplant,0,125,NA,125,1,"[100,1e+03)",Lower Keys,36
mml,mml.RB_U_3,24.54042,-81.44502,2023-11-08,ACER,Outplant,0,125,NA,125,1,"[100,1e+03)",Lower Keys,36
mml,mml.S_15,24.45174,-81.87912,2023-10-05,ACER,Outplant,8,285,NA,293,0.9726962457337884,"[100,1e+03)",Lower Keys,43
mml,mml.S_AP_5,24.45795,-81.87916,2024-01-31,APAL,Outplant,2,586,NA,588,0.9965986394557823,"[100,1e+03)",Lower Keys,43
mml,mml.SR_1,24.62621,-81.10946,2023-10-06,ACER,Outplant,0,274,NA,274,1,"[100,1e+03)",Middle Keys,5
mml,mml.T_12b,24.45915,-81.84311,2024-01-03,ACER,Outplant,0,161,NA,161,1,"[100,1e+03)",Lower Keys,2
mml,mml.T_13b,24.45959,-81.84373,2024-01-03,ACER,Outplant,0,149,NA,149,1,"[100,1e+03)",Lower Keys,2
mml,mml.T_15,24.4596,-81.84282,2024-01-02,ACER,Outplant,0,199,NA,199,1,"[100,1e+03)",Lower Keys,2
mml,mml.T_16,24.45889,-81.8449,2023-11-29,ACER,Outplant,0,115,NA,115,1,"[100,1e+03)",Lower Keys,2
mml,mml.T_18,24.45926,-81.84601,2024-01-02,ACER,Outplant,2,228,NA,230,0.991304347826087,"[100,1e+03)",Lower Keys,2
mml,mml.T_19,24.45928,-81.84263,2024-01-02,ACER,Outplant,0,582,NA,582,1,"[100,1e+03)",Lower Keys,2
mml,mml.T_20,24.45907,-81.84349,2024-01-03,ACER,Outplant,0,590,NA,590,1,"[100,1e+03)",Lower Keys,2
mml,mml.T_21,24.45888,-81.84304,2024-01-03,ACER,Outplant,8,566,NA,574,0.9860627177700348,"[100,1e+03)",Lower Keys,2
mml,mml.T_22,24.45954,-81.8434,2024-01-03,ACER,Outplant,0,545,NA,545,1,"[100,1e+03)",Lower Keys,2
mml,mml.T_23,24.45829,-81.84432,2024-01-03,ACER,Outplant,12,472,NA,484,0.9752066115702479,"[100,1e+03)",Lower Keys,2
mml,mml.T_24,24.45895,-81.84429,2024-01-02,ACER,Outplant,0,362,NA,362,1,"[100,1e+03)",Lower Keys,2
mml,mml.T_25,24.45901,-81.84425,2024-01-02,ACER,Outplant,0,500,NA,500,1,"[100,1e+03)",Lower Keys,2
mml,mml.T_AP_11,24.45937,-81.84481,2024-01-02,APAL,Outplant,0,172,NA,172,1,"[100,1e+03)",Lower Keys,2
mml,mml.T_AP_12,24.45957,-81.84443,2024-01-31,APAL,Outplant,1,81,NA,82,0.9878048780487805,"[10,100)",Lower Keys,2
mml,mml.T_AP_13,24.46002,-81.84338,2024-01-02,APAL,Outplant,0,159,NA,159,1,"[100,1e+03)",Lower Keys,2
mml,mml.T_AP_14,24.45924,-81.84591,2024-01-02,APAL,Outplant,0,306,NA,306,1,"[100,1e+03)",Lower Keys,2
mml,mml.T_AP_15,24.45928,-81.84534,2023-11-09,APAL,Outplant,2,739,NA,741,0.9973009446693657,"[100,1e+03)",Lower Keys,2
mml,mml.T_AP_16a,24.45937,-81.8454,2023-11-09,APAL,Outplant,0,343,NA,343,1,"[100,1e+03)",Lower Keys,2
mml,mml.T_AP_16b,24.45937,-81.8454,2023-11-09,APAL,Outplant,0,165,NA,165,1,"[100,1e+03)",Lower Keys,2
mml,mml.T_AP_17,24.46001,-81.84313,2024-01-02,APAL,Outplant,0,802,NA,802,1,"[100,1e+03)",Lower Keys,2
mml,mml.T_AP_18a,24.45965,-81.84384,2024-01-03,APAL,Outplant,0,492,NA,492,1,"[100,1e+03)",Lower Keys,2
mml,mml.T_AP_18b,24.45965,-81.84384,2024-01-03,APAL,Outplant,0,655,NA,655,1,"[100,1e+03)",Lower Keys,2
mml,mml.T_AP_19,24.4595,-81.84419,2023-11-09,APAL,Outplant,1,968,NA,969,0.9989680082559339,"[100,1e+03)",Lower Keys,2
mml,mml.T_AP_20a,24.45933,-81.84451,2024-01-02,APAL,Outplant,4,469,NA,473,0.9915433403805497,"[100,1e+03)",Lower Keys,2
mml,mml.T_AP_20b,24.45933,-81.84451,2024-01-02,APAL,Outplant,2,469,NA,471,0.9957537154989384,"[100,1e+03)",Lower Keys,2
mml,mml.T_AP_21a,24.45938,-81.84506,2024-01-02,APAL,Outplant,0,284,NA,284,1,"[100,1e+03)",Lower Keys,2
mml,mml.T_AP_21b,24.45938,-81.84506,2024-01-02,APAL,Outplant,0,660,NA,660,1,"[100,1e+03)",Lower Keys,2
mml,mml.T_AP_22,24.45946,-81.84538,2023-11-09,APAL,Outplant,0,936,NA,936,1,"[100,1e+03)",Lower Keys,2
mml,mml.T_AP_23,24.45945,-81.84477,2024-01-02,APAL,Outplant,0,1018,NA,1018,1,"[1e+03,7e+03)",Lower Keys,2
mml,mml.T_AP_24,24.45956,-81.84549,2024-01-02,APAL,Outplant,1,1002,NA,1003,0.9990029910269193,"[1e+03,7e+03)",Lower Keys,2
mml,mml.T_AP_25,24.45947,-81.84509,2024-01-02,APAL,Outplant,0,326,NA,326,1,"[100,1e+03)",Lower Keys,2
mml,mml.T_AP_26,24.45986,-81.84531,2024-01-02,APAL,Outplant,0,501,NA,501,1,"[100,1e+03)",Lower Keys,2
mml,mml.TN_1,24.77622,-80.73689,2023-10-06,ACER,Outplant,0,290,NA,290,1,"[100,1e+03)",Middle Keys,44
mml,mml.U_14,24.54059,-81.44127,2023-11-09,ACER,Outplant,0,175,NA,175,1,"[100,1e+03)",Lower Keys,36
mml,mml.U_15,24.5406,-81.43577,2023-11-09,ACER,Outplant,0,34,NA,34,1,"[10,100)",Lower Keys,36
mml,mml.U_16,24.54138,-81.43404,2023-11-09,ACER,Outplant,0,494,NA,494,1,"[100,1e+03)",Lower Keys,36
mml,mml.U_17,24.53771,-81.45357,2023-11-17,ACER,Outplant,0,498,NA,498,1,"[100,1e+03)",Lower Keys,45
mml,mml.U_18,24.54021,-81.44872,2023-11-17,ACER,Outplant,0,500,NA,500,1,"[100,1e+03)",Lower Keys,45
mml,mml.U_AC_3,24.54085,-81.43611,2024-01-11,ACER,Outplant,0,21,NA,21,1,"[10,100)",Lower Keys,36
mml,mml.V_10,24.52485,-81.50733,2023-12-04,ACER,Outplant,0,444,NA,444,1,"[100,1e+03)",Lower Keys,37
mml,mml.V_8,24.52496,-81.50679,2023-12-04,ACER,Outplant,0,190,NA,190,1,"[100,1e+03)",Lower Keys,37
mml,mml.V_9,24.52606,-81.50253,2023-12-04,ACER,Outplant,0,262,NA,262,1,"[100,1e+03)",Lower Keys,37
mml,mml.W_AP_14,24.54675,-81.40189,2024-01-18,APAL,Outplant,0,5,NA,5,1,"[0,10)",Lower Keys,6
mml,mml.W_AP_15,24.54606,-81.40639,2024-01-04,APAL,Outplant,0,496,NA,496,1,"[100,1e+03)",Lower Keys,6
mml,mml.W_AP_16,24.54616,-81.40645,2024-01-04,APAL,Outplant,0,586,NA,586,1,"[100,1e+03)",Lower Keys,6
mml,mml.W_AP_17a,24.54616,-81.40645,2024-01-04,APAL,Outplant,0,298,NA,298,1,"[100,1e+03)",Lower Keys,6
mml,mml.W_AP_17b,24.54616,-81.40645,2024-01-04,APAL,Outplant,0,704,NA,704,1,"[100,1e+03)",Lower Keys,6
mml,mml.W_AP_18,24.54608,-81.40651,2024-01-04,APAL,Outplant,0,72,NA,72,1,"[10,100)",Lower Keys,6
mml,mml.WS_2,24.48226,-81.70471,2023-11-10,ACER,Outplant,0,179,NA,179,1,"[100,1e+03)",Lower Keys,46
mml,mml.WS_3,24.48226,-81.70522,2023-10-09,ACER,Outplant,0,394,NA,394,1,"[100,1e+03)",Lower Keys,46
mml,mml.WS_AC_1,24.47988,-81.71463,2024-01-16,ACER,Outplant,0,115,NA,115,1,"[100,1e+03)",Lower Keys,46
mml,mml.WS_AP_1,24.4824,-81.70496,2023-11-27,APAL,Outplant,0,68,NA,68,1,"[10,100)",Lower Keys,46
mml,mml.WS_AP_2,24.48238,-81.70422,2023-11-27,APAL,Outplant,1,694,NA,695,0.9985611510791367,"[100,1e+03)",Lower Keys,46
mml,mml.WS_AP_3a,24.48244,-81.70432,2023-11-27,APAL,Outplant,1,690,NA,691,0.9985528219971056,"[100,1e+03)",Lower Keys,46
mml,mml.WS_AP_3b,24.48244,-81.70432,2023-11-27,APAL,Outplant,0,449,NA,449,1,"[100,1e+03)",Lower Keys,46
mml,mml.WS_AP_4,24.48266,-81.70545,2023-11-27,APAL,Outplant,0,828,NA,828,1,"[100,1e+03)",Lower Keys,46
mml,mml.WS_AP_5,24.48226,-81.70522,2023-11-27,APAL,Outplant,8,591,NA,599,0.986644407345576,"[100,1e+03)",Lower Keys,46
mml,mml.X_5,24.478,-81.72992,2023-11-10,ACER,Outplant,0,223,NA,223,1,"[100,1e+03)",Lower Keys,38
mml,mml.X_AC_1,24.47814,-81.73078,2024-01-16,ACER,Outplant,0,219,NA,219,1,"[100,1e+03)",Lower Keys,38
mml,mml.Z_6,24.52616,-81.50098,2023-12-04,ACER,Outplant,0,242,NA,242,1,"[100,1e+03)",Lower Keys,37
mml,mml.Z_7,24.52647,-81.50215,2023-12-04,ACER,Outplant,0,264,NA,264,1,"[100,1e+03)",Lower Keys,37
mml,mml.Z_8,24.52645,-81.50198,2023-12-04,ACER,Outplant,0,240,NA,240,1,"[100,1e+03)",Lower Keys,37
mml,mml.Z_9,24.52588,-81.50089,2023-12-04,ACER,Outplant,0,483,NA,483,1,"[100,1e+03)",Lower Keys,37
nsu,nsu.Core 1,26.001066207885742,-80.10814666748047,2023-10-17,ACER,Outplant,62,13,NA,75,0.17333333333333334,"[10,100)",Broward-Miami,47
nsu,nsu.Core 1,26.001066207885742,-80.10814666748047,2024-01-19,ACER,Outplant,52,21,NA,73,0.2876712328767123,"[10,100)",Broward-Miami,47
nsu,nsu.Core 2,26.0141658782959,-80.10665130615234,2023-10-17,ACER,Outplant,43,2,NA,45,0.044444444444444446,"[10,100)",Broward-Miami,48
nsu,nsu.Core 2,26.0141658782959,-80.10665130615234,2024-03-14,ACER,Outplant,35,9,NA,44,0.20454545454545456,"[10,100)",Broward-Miami,48
nsu,nsu.Core 2,26.0141658782959,-80.10665130615234,2023-06-02,ACER,Outplant,58,10,NA,68,0.14705882352941177,"[10,100)",Broward-Miami,48
nsu,nsu.Core 2,26.0141658782959,-80.10665130615234,2023-08-18,ACER,Outplant,51,17,NA,68,0.25,"[10,100)",Broward-Miami,48
nsu,nsu.Core 2,26.0141658782959,-80.10665130615234,2023-11-27,ACER,Outplant,51,17,NA,68,0.25,"[10,100)",Broward-Miami,48
nsu,nsu.Experimental 1,25.990266799926758,-80.1086196899414,2023-10-17,ACER,Outplant,78,8,NA,86,0.09302325581395349,"[10,100)",Broward-Miami,47
nsu,nsu.Experimental 1,25.990266799926758,-80.1086196899414,2024-01-19,ACER,Outplant,61,18,NA,79,0.22784810126582278,"[10,100)",Broward-Miami,47
nsu,nsu.Experimental 4,26.146865844726562,-80.09159851074219,2023-10-17,ACER,Outplant,69,6,NA,75,0.08,"[10,100)",Broward-Miami,49
nsu,nsu.Experimental 4,26.146865844726562,-80.09159851074219,2023-10-17,ACER,Outplant,50,10,NA,60,0.16666666666666666,"[10,100)",Broward-Miami,49
nsu,nsu.Experimental 4,26.146865844726562,-80.09159851074219,2024-04-18,ACER,Outplant,46,14,NA,60,0.23333333333333334,"[10,100)",Broward-Miami,49
nsu,nsu.Experimetnal 4,26.146865844726562,-80.09159851074219,2023-10-17,ACER,Outplant,39,9,NA,48,0.1875,"[10,100)",Broward-Miami,49
nsu,nsu.Experimetnal 4,26.146865844726562,-80.09159851074219,2024-04-18,ACER,Outplant,30,18,NA,48,0.375,"[10,100)",Broward-Miami,49
nsu,nsu.Experimental 5,25.99971580505371,-80.10762023925781,2023-10-17,ACER,Outplant,68,7,NA,75,0.09333333333333334,"[10,100)",Broward-Miami,47
nsu,nsu.Experimental 5,25.99971580505371,-80.10762023925781,2023-06-02,ACER,Outplant,103,6,NA,109,0.05504587155963303,"[100,1e+03)",Broward-Miami,47
nsu,nsu.Experimental 5,25.99971580505371,-80.10762023925781,2023-08-18,ACER,Outplant,95,14,NA,109,0.12844036697247707,"[100,1e+03)",Broward-Miami,47
nsu,nsu.Experimental 5,25.99971580505371,-80.10762023925781,2024-03-14,ACER,Outplant,79,28,NA,107,0.2616822429906542,"[100,1e+03)",Broward-Miami,47
nsu,nsu.Experimental 6,26.011632919311523,-80.10661315917969,2023-06-02,ACER,Outplant,76,10,NA,86,0.11627906976744186,"[10,100)",Broward-Miami,48
nsu,nsu.Experimental 6,26.011632919311523,-80.10661315917969,2023-08-18,ACER,Outplant,66,20,NA,86,0.23255813953488372,"[10,100)",Broward-Miami,48
nsu,nsu.Experimental 6,26.011632919311523,-80.10661315917969,2024-03-14,ACER,Outplant,44,42,NA,86,0.4883720930232558,"[10,100)",Broward-Miami,48
nsu,nsu.West Copenhagen,26.205900192260742,-80.08586883544922,2023-11-13,ACER,Outplant,41,4,NA,45,0.08888888888888889,"[10,100)",Broward-Miami,50
nsu,nsu.South Commercial,26.186033248901367,-80.08931732177734,2024-02-14,ACER,Outplant,47,27,NA,74,0.36486486486486486,"[10,100)",Broward-Miami,51
nsu,nsu.South Commercial,26.186033248901367,-80.08931732177734,2023-11-13,ACER,Outplant,43,2,NA,45,0.044444444444444446,"[10,100)",Broward-Miami,51
nsu,nsu.South Commercial,26.186033248901367,-80.08931732177734,2024-02-14,ACER,Outplant,29,71,NA,100,0.71,"[100,1e+03)",Broward-Miami,51
nsu,nsu.Staghorn City,26.200117111206055,-80.08838653564453,2024-02-14,ACER,Outplant,52,7,NA,59,0.11864406779661017,"[10,100)",Broward-Miami,52
nsu,nsu.Staghorn City,26.200117111206055,-80.08838653564453,2023-11-13,ACER,Outplant,45,0,NA,45,0,"[10,100)",Broward-Miami,52
nsu,nsu.Staghorn City,26.200117111206055,-80.08838653564453,2024-05-03,ACER,Outplant,64,36,NA,100,0.36,"[100,1e+03)",Broward-Miami,52
nsu,nsu.Staghorn City,26.200117111206055,-80.08838653564453,2024-02-14,ACER,Outplant,35,65,NA,100,0.65,"[100,1e+03)",Broward-Miami,52
nsu,nsu.30,26.101133346557617,-80.10154724121094,2024-03-21,ACER,Wild,13,21,NA,34,0.6176470588235294,"[10,100)",Broward-Miami,53
nsu,nsu.100,26.207582473754883,-80.08573150634766,2023-07-07,APAL,Wild,1,0,NA,1,0,"[0,10)",Broward-Miami,50
nsu,nsu.100,26.207582473754883,-80.08573150634766,2023-11-06,APAL,Wild,3,0,NA,3,0,"[0,10)",Broward-Miami,50
nsu,nsu.100,26.207582473754883,-80.08573150634766,2024-03-08,APAL,Wild,1,2,NA,3,0.6666666666666666,"[0,10)",Broward-Miami,50
nsu,nsu.210,26.141067504882812,-80.09891510009766,2024-03-21,ACER,Wild,16,7,NA,23,0.30434782608695654,"[10,100)",Broward-Miami,49
nsu,nsu.229,26.145599365234375,-80.09928131103516,2024-03-20,ACER,Wild,0,4,NA,4,1,"[0,10)",Broward-Miami,49
nsu,nsu.269,26.154617309570312,-80.09783172607422,2024-03-20,ACER,Wild,14,4,NA,18,0.2222222222222222,"[10,100)",Broward-Miami,54
nsu,nsu.306,26.162649154663086,-80.09578704833984,2024-03-21,ACER,Wild,25,23,NA,48,0.4791666666666667,"[10,100)",Broward-Miami,54
nsu,nsu.335,26.221134185791016,-80.08336639404297,2023-07-07,APAL,Wild,4,0,NA,4,0,"[0,10)",Broward-Miami,50
nsu,nsu.335,26.221134185791016,-80.08336639404297,2023-11-06,APAL,Wild,4,0,NA,4,0,"[0,10)",Broward-Miami,50
nsu,nsu.335,26.221134185791016,-80.08336639404297,2024-03-08,APAL,Wild,4,0,NA,4,0,"[0,10)",Broward-Miami,50
nsu,nsu.338,26.20848274230957,-80.08489990234375,2023-07-07,APAL,Wild,1,0,NA,1,0,"[0,10)",Broward-Miami,50
nsu,nsu.338,26.20848274230957,-80.08489990234375,2023-11-06,APAL,Wild,1,0,NA,1,0,"[0,10)",Broward-Miami,50
nsu,nsu.338,26.20848274230957,-80.08489990234375,2024-03-08,APAL,Wild,1,0,NA,1,0,"[0,10)",Broward-Miami,50
nsu,nsu.358,26.17490005493164,-80.09387969970703,2024-03-20,ACER,Wild,19,13,NA,32,0.40625,"[10,100)",Broward-Miami,51
nsu,nsu.454,26.1962833404541,-80.09131622314453,2024-03-20,ACER,Wild,15,7,NA,22,0.3181818181818182,"[10,100)",Broward-Miami,52
nsu,nsu.504,26.20688247680664,-80.0892333984375,2024-03-20,ACER,Wild,36,6,NA,42,0.14285714285714285,"[10,100)",Broward-Miami,50
nsu,nsu.531,26.211166381835938,-80.08699798583984,2023-07-07,APAL,Wild,2,0,NA,2,0,"[0,10)",Broward-Miami,50
nsu,nsu.531,26.211166381835938,-80.08699798583984,2023-11-06,APAL,Wild,2,0,NA,2,0,"[0,10)",Broward-Miami,50
nsu,nsu.531,26.211166381835938,-80.08699798583984,2024-03-08,APAL,Wild,2,0,NA,2,0,"[0,10)",Broward-Miami,50
nsu,nsu.1118,26.182315826416016,-80.089080810546875,2023-07-07,APAL,Wild,1,0,NA,1,0,"[0,10)",Broward-Miami,51
nsu,nsu.1118,26.182315826416016,-80.089080810546875,2023-11-06,APAL,Wild,1,0,NA,1,0,"[0,10)",Broward-Miami,51
nsu,nsu.1118,26.182315826416016,-80.089080810546875,2024-03-08,APAL,Wild,0,1,NA,1,1,"[0,10)",Broward-Miami,51
nsu,nsu.G22,26.206350326538086,-80.08564758300781,2023-08-01,APAL,Outplant,140,21,NA,161,0.13043478260869565,"[100,1e+03)",Broward-Miami,50
nsu,nsu.G22,26.206350326538086,-80.08564758300781,2023-11-13,APAL,Outplant,115,46,NA,161,0.2857142857142857,"[100,1e+03)",Broward-Miami,50
nsu,nsu.G22,26.206350326538086,-80.08564758300781,2024-01-30,APAL,Outplant,87,74,NA,161,0.45962732919254656,"[100,1e+03)",Broward-Miami,50
nsu,nsu.G23,26.211267471313477,-80.08598327636719,2023-07-07,APAL,Wild,16,3,NA,19,0.15789473684210525,"[10,100)",Broward-Miami,50
nsu,nsu.G23,26.211267471313477,-80.08598327636719,2023-11-06,APAL,Wild,20,0,NA,20,0,"[10,100)",Broward-Miami,50
nsu,nsu.G23,26.211267471313477,-80.08598327636719,2024-03-08,APAL,Wild,19,1,NA,20,0.05,"[10,100)",Broward-Miami,50
nsu,nsu.JUL-1,26.058433532714844,-80.1057357788086,2023-07-20,APAL,Wild,5,1,NA,6,0.16666666666666666,"[0,10)",Broward-Miami,55
nsu,nsu.JUL-1,26.058433532714844,-80.1057357788086,2023-11-06,APAL,Wild,5,0,NA,5,0,"[0,10)",Broward-Miami,55
nsu,nsu.JUL-1,26.058433532714844,-80.1057357788086,2024-03-08,APAL,Wild,5,0,NA,5,0,"[0,10)",Broward-Miami,55
nsu,nsu.KC,26.111865997314453,-80.09696960449219,2023-07-20,APAL,Wild,1,1,NA,2,0.5,"[0,10)",Broward-Miami,53
nsu,nsu.KC,26.111865997314453,-80.09696960449219,2023-11-06,APAL,Wild,1,0,NA,1,0,"[0,10)",Broward-Miami,53
nsu,nsu.KC,26.111865997314453,-80.09696960449219,2024-03-08,APAL,Wild,1,0,NA,1,0,"[0,10)",Broward-Miami,53
nsu,nsu.LS-1,26.074899673461914,-80.108367919921875,2024-04-04,ACER,Wild,15,44,NA,59,0.7457627118644068,"[10,100)",Broward-Miami,55
nsu,nsu.LS-2,25.999465942382812,-80.112701416015625,2024-04-04,ACER,Wild,32,29,NA,61,0.47540983606557374,"[10,100)",Broward-Miami,47
nsu,nsu.LS-3,25.997900009155273,-80.11311340332031,2024-04-04,ACER,Wild,7,31,NA,38,0.8157894736842105,"[10,100)",Broward-Miami,47
nsu,nsu.LS-4,25.997316360473633,-80.11334991455078,2024-03-28,ACER,Wild,23,25,NA,48,0.5208333333333334,"[10,100)",Broward-Miami,47
nsu,nsu.LS-5,25.996299743652344,-80.11347961425781,2024-03-28,ACER,Wild,13,29,NA,42,0.6904761904761905,"[10,100)",Broward-Miami,47
nsu,nsu.LS-6,25.9952335357666,-80.11347961425781,2024-03-28,ACER,Wild,22,41,NA,63,0.6507936507936508,"[10,100)",Broward-Miami,47
nsu,nsu.LS-7,25.976316452026367,-80.11518096923828,2024-03-28,ACER,Wild,6,35,NA,41,0.8536585365853658,"[10,100)",Broward-Miami,56
um,um.Oasis,25.64419,-80.09692,2024-02-26,APAL,Outplant,795,33,23,828,0.03985507246376811,"[100,1e+03)",Biscayne,57
um,um.BNP Ofav,25.4698,-80.1317,2024-02-26,APAL,Outplant,18,810,23,828,0.9782608695652174,"[100,1e+03)",Biscayne,58
um,um.Paradise,25.64084,-80.09583,2023-10-20,ACER,Outplant,144,41,20,185,0.22162162162162163,"[100,1e+03)",Biscayne,57
um,um.North Dry Rocks,25.1299,-80.293816,2023-07-20,APAL,Outplant,1,124,46,125,0.992,"[100,1e+03)",Upper Keys,12
um,um.North Dry Rocks,25.1299,-80.293816,2023-07-20,ACER,Outplant,8,0,5,8,0,"[0,10)",Upper Keys,12
um,um.North Dry Rocks,25.1299,-80.293816,2023-09-21,APAL,Outplant,88,37,46,125,0.296,"[100,1e+03)",Upper Keys,12
um,um.North Dry Rocks,25.1299,-80.293816,2023-09-21,ACER,Outplant,2,6,5,8,0.75,"[0,10)",Upper Keys,12
um,um.North Dry Rocks,25.1299,-80.293816,2023-11-05,APAL,Outplant,125,0,46,125,0,"[100,1e+03)",Upper Keys,12
um,um.North Dry Rocks,25.1299,-80.293816,2023-11-05,ACER,Outplant,0,8,5,8,1,"[0,10)",Upper Keys,12
um,um.Bianca,25.83403,-80.10703,2023-07-25,ACER,Outplant,143,0,70,143,0,"[100,1e+03)",Broward-Miami,59
um,um.Bianca,25.83403,-80.10703,2023-12-01,ACER,Outplant,109,4,70,113,0.035398230088495575,"[100,1e+03)",Broward-Miami,59
um,um.Erin's,25.64084,-80.09583,2023-08-10,ACER,Outplant,56,0,20,56,0,"[10,100)",Biscayne,57
um,um.Erin's,25.64084,-80.09583,2023-09-01,ACER,Outplant,50,6,20,56,0.10714285714285714,"[10,100)",Biscayne,57
um,um.Erin's,25.64084,-80.09583,2023-11-10,ACER,Outplant,41,3,16,44,0.06818181818181818,"[10,100)",Biscayne,57
um,um.Paradise,25.64084,-80.09583,2023-08-10,ACER,Outplant,63,0,21,63,0,"[10,100)",Biscayne,57
um,um.Paradise,25.64084,-80.09583,2023-09-01,ACER,Outplant,48,12,20,60,0.2,"[10,100)",Biscayne,57
um,um.Paradise,25.64084,-80.09583,2023-09-30,ACER,Outplant,127,5,20,132,0.03787878787878788,"[100,1e+03)",Biscayne,57
um,um.Paradise,25.64084,-80.09583,2023-11-10,ACER,Outplant,46,2,16,48,0.041666666666666664,"[10,100)",Biscayne,57
um,um.Stag Growth,25.7277,-80.09989,2023-07-25,ACER,Outplant,24,1,14,25,0.04,"[10,100)",Biscayne,60
um,um.Stag Growth,25.7277,-80.09989,2023-10-11,ACER,Outplant,19,6,14,25,0.24,"[10,100)",Biscayne,60
um,um.Yung Growth,25.56453,-80.10496,2023-08-10,ACER,Wild/Outplant,104,0,NA,104,0,"[100,1e+03)",Biscayne,61
um,um.Yung Growth,25.56453,-80.10496,2023-11-10,ACER,Wild/Outplant,6,98,NA,104,0.9423076923076923,"[100,1e+03)",Biscayne,61
usgs,usgs.Brewster Reef,25.56676,-80.09974,2023-08-18,APAL,Outplant,9,0,5,9,0,"[0,10)",Biscayne,61
usgs,usgs.Shadow Reef,25.47775,-80.14088,2023-08-18,APAL,Outplant,0,10,NA,10,1,"[10,100)",Biscayne,58
usgs,usgs.Ball Buoy North,25.31877,-80.18426,2023-08-23,APAL,Outplant,3,5,NA,8,0.625,"[0,10)",Biscayne,23
usgs,usgs.Ball Buoy North,25.31877,-80.18426,2023-11-11,APAL,Outplant,2,7,5,9,0.7777777777777778,"[0,10)",Biscayne,23
usgs,usgs.Brewster Reef,25.56676,-80.09974,2023-11-11,APAL,Outplant,4,5,5,9,0.5555555555555556,"[0,10)",Biscayne,61
usgs,usgs.Pulaski Shoal West (PLW),24.7028,-82.79883,2023-08-15,APAL,Outplant,11,11,8,22,0.5,"[10,100)",Tortugas--Dry Tortugas NP,62
usgs,usgs.Garden Key (GDK),24.62074,-82.8674,2023-08-16,APAL,Outplant,6,6,7,12,0.5,"[10,100)",Tortugas--Dry Tortugas NP,21
usgs,usgs.Garden Key (GDK),24.62074,-82.8674,2023-11-08,APAL,Outplant,0,12,7,12,1,"[10,100)",Tortugas--Dry Tortugas NP,21
usgs,usgs.Pulaski Shoal Light (PLS),24.69355,-82.7728,2023-11-08,APAL,Outplant,0,7,6,7,1,"[0,10)",Tortugas--Dry Tortugas NP,63
usgs,usgs.Pulaski Shoal West (PLW),24.7028,-82.79883,2023-11-08,APAL,Outplant,0,22,8,22,1,"[10,100)",Tortugas--Dry Tortugas NP,62
shedd,shedd.Pulaski Shoal,24.702283,-82.799083,2023-09-09,ACER,Outplant,14,122,NA,136,0.8970588235294118,"[100,1e+03)",Tortugas--Dry Tortugas NP,62
shedd,shedd.Southwest Channel,24.61915,-82.920517,2023-09-09,ACER,Outplant,2,104,NA,106,0.9811320754716981,"[100,1e+03)",Tortugas--Dry Tortugas NP,64
shedd,shedd.Texas Rock,24.681333,-82.890883,2023-09-09,ACER,Outplant,22,136,NA,158,0.8607594936708861,"[100,1e+03)",Tortugas--Dry Tortugas NP,22
shedd,shedd.Pulaski Shoal,24.702283,-82.799083,2023-06-30,ACER,Outplant,180,0,NA,180,0,"[100,1e+03)",Tortugas--Dry Tortugas NP,62
shedd,shedd.Texas Rock,24.681333,-82.890883,2023-06-30,ACER,Outplant,180,0,NA,180,0,"[100,1e+03)",Tortugas--Dry Tortugas NP,22
shedd,shedd.Southwest Channel,24.61915,-82.920517,2023-06-30,ACER,Outplant,180,0,NA,180,0,"[100,1e+03)",Tortugas--Dry Tortugas NP,64
mir,mir.304,25.22749,-80.20625,2024-02-09,ACER,Outplant,36,4,NA,40,0.1,"[10,100)",Upper Keys,1
mir,mir.303,25.2274,-80.20623,2023-08-11,ACER,Outplant,66,2,NA,68,0.029411764705882353,"[10,100)",Upper Keys,1
mir,mir.303,25.227393,-80.206227,2024-03-18,ACER,Outplant,39,2,NA,41,0.04878048780487805,"[10,100)",Upper Keys,1
mir,mir.41,25.22195,-80.21058,2023-08-11,APAL,Outplant,15,2,NA,17,0.11764705882352941,"[10,100)",Upper Keys,1
mir,mir.288,25.22123,-80.21276,2023-08-19,ACER,Outplant,38,21,NA,59,0.3559322033898305,"[10,100)",Upper Keys,1
mir,mir.291,25.22117,-80.21271,2023-08-11,ACER,Outplant,42,6,NA,48,0.125,"[10,100)",Upper Keys,1
mir,mir.67,25.22107,-80.21002,2023-09-22,ACER,Outplant,8,23,NA,31,0.7419354838709677,"[10,100)",Upper Keys,1
mir,mir.67,25.22107,-80.21002,2023-08-11,ACER,Outplant,6,14,NA,20,0.7,"[10,100)",Upper Keys,1
mir,mir.12,25.22106,-80.20998,2023-08-11,ACER,Outplant,6,6,NA,12,0.5,"[10,100)",Upper Keys,1
mir,mir.292,25.22106,-80.21269,2023-08-19,ACER,Outplant,27,16,NA,43,0.37209302325581395,"[10,100)",Upper Keys,1
mir,mir.294,25.22097,-80.21267,2023-08-19,ACER,Outplant,50,16,NA,66,0.24242424242424243,"[10,100)",Upper Keys,1
mir,mir.296,25.220884,-80.212658,2024-03-18,ACER,Outplant,23,31,NA,54,0.5740740740740741,"[10,100)",Upper Keys,1
mir,mir.296,25.22088,-80.21266,2023-09-22,ACER,Outplant,24,55,NA,79,0.6962025316455697,"[10,100)",Upper Keys,1
mir,mir.N19,25.22060903,-80.210413,2024-02-09,ACER,Outplant,0,1,NA,1,1,"[0,10)",Upper Keys,1
mir,mir.N19,25.22060903,-80.210413,2024-02-09,APAL,Outplant,1,21,NA,22,0.9545454545454546,"[10,100)",Upper Keys,1
mir,mir.99,25.22041,-80.2104,2024-02-09,ACER,Outplant,0,60,NA,60,1,"[10,100)",Upper Keys,1
mir,mir.99,25.2203,-80.21047,2023-08-11,ACER,Outplant,9,34,NA,43,0.7906976744186046,"[10,100)",Upper Keys,1
mir,mir.21,25.22011,-80.21108,2023-08-11,APAL,Outplant,13,0,NA,13,0,"[10,100)",Upper Keys,1
mir,mir.21,25.22011,-80.2111,2024-02-09,APAL,Outplant,0,47,NA,47,1,"[10,100)",Upper Keys,1
mir,mir.97,25.22008,-80.21045,2023-09-22,ACER,Outplant,4,112,NA,116,0.9655172413793104,"[100,1e+03)",Upper Keys,1
mir,mir.228,25.21998,-80.21431,2023-08-11,ACER,Outplant,29,10,NA,39,0.2564102564102564,"[10,100)",Upper Keys,1
mir,mir.N18,25.21997,-80.211,2024-02-09,ACER,Outplant,0,6,NA,6,1,"[0,10)",Upper Keys,1
mir,mir.N18,25.21997,-80.211,2024-02-09,APAL,Outplant,0,42,NA,42,1,"[10,100)",Upper Keys,1
mir,mir.61,25.21963,-80.21087,2023-09-22,ACER,Outplant,14,51,NA,65,0.7846153846153846,"[10,100)",Upper Keys,1
mir,mir.61,25.21963,-80.21087,2023-09-22,APAL,Outplant,1,0,NA,1,0,"[0,10)",Upper Keys,1
mir,mir.N16,25.21937404,-80.211244,2024-02-09,ACER,Outplant,0,40,NA,40,1,"[10,100)",Upper Keys,1
mir,mir.N16,25.21937404,-80.211244,2024-02-09,APAL,Outplant,0,51,NA,51,1,"[10,100)",Upper Keys,1
mir,mir.216,25.21779,-80.21831,2023-11-25,ACER,Outplant,0,39,NA,39,1,"[10,100)",Upper Keys,1
mir,mir.272,25.21777,-80.21397,2023-08-11,ACER,Outplant,24,13,NA,37,0.35135135135135137,"[10,100)",Upper Keys,1
mir,mir.N15,25.21221,-80.2174,2024-02-09,APAL,Outplant,0,1,NA,1,1,"[0,10)",Upper Keys,17
mir,mir.360,25.21206,-80.21748,2023-08-12,ACER,Outplant,10,0,NA,10,0,"[10,100)",Upper Keys,17
mir,mir.N14,25.21205,-80.2176,2024-02-09,ACER,Outplant,15,0,NA,15,0,"[10,100)",Upper Keys,17
mir,mir.282,25.21191,-80.21747,2023-08-12,ACER,Outplant,3,3,NA,6,0.5,"[0,10)",Upper Keys,17
mir,mir.282,25.21191,-80.21747,2023-08-12,APAL,Outplant,1,3,NA,4,0.75,"[0,10)",Upper Keys,17
mir,mir.207,25.21133,-80.2178,2024-02-09,ACER,Outplant,5,10,NA,15,0.6666666666666666,"[10,100)",Upper Keys,17
mir,mir.207,25.21133,-80.21786,2023-10-06,ACER,Outplant,5,13,NA,18,0.7222222222222222,"[10,100)",Upper Keys,17
mir,mir.361,25.21021,-80.22026,2023-11-25,ACER,Outplant,0,14,NA,14,1,"[10,100)",Upper Keys,17
mir,mir.N13,25.20967098,-80.218801,2024-02-09,ACER,Outplant,13,37,NA,50,0.74,"[10,100)",Upper Keys,17
mir,mir.N12,25.20959,-80.2188,2024-02-09,ACER,Outplant,25,8,NA,33,0.24242424242424243,"[10,100)",Upper Keys,17
mir,mir.N8,25.20952,-80.2182,2024-02-09,ACER,Outplant,23,0,NA,23,0,"[10,100)",Upper Keys,17
mir,mir.N25,25.20952,-80.2183,2024-02-08,ACER,Outplant,20,52,NA,72,0.7222222222222222,"[10,100)",Upper Keys,17
mir,mir.N24,25.20952,-80.2187,2024-02-09,ACER,Outplant,23,41,NA,64,0.640625,"[10,100)",Upper Keys,17
mir,mir.119,25.20945,-80.21822,2023-10-06,ACER,Outplant,61,14,NA,75,0.18666666666666668,"[10,100)",Upper Keys,17
mir,mir.335,25.20936,-80.21926,2023-08-12,ACER,Outplant,34,13,NA,47,0.2765957446808511,"[10,100)",Upper Keys,17
mir,mir.N17,25.20891803,-80.219406,2024-02-08,ACER,Outplant,10,26,NA,36,0.7222222222222222,"[10,100)",Upper Keys,17
mir,mir.N17,25.20891803,-80.219406,2024-02-08,APAL,Outplant,0,1,NA,1,1,"[0,10)",Upper Keys,17
mir,mir.N7,25.20869,-80.2192,2024-02-08,ACER,Outplant,14,30,NA,44,0.6818181818181818,"[10,100)",Upper Keys,17
mir,mir.N5,25.2084,-80.2194,2024-02-08,ACER,Outplant,33,47,NA,80,0.5875,"[10,100)",Upper Keys,17
mir,mir.N6,25.20839,-80.2192,2024-02-08,ACER,Outplant,13,17,NA,30,0.5666666666666667,"[10,100)",Upper Keys,17
mir,mir.324,25.20837,-80.21914,2024-02-08,ACER,Outplant,18,13,NA,31,0.41935483870967744,"[10,100)",Upper Keys,17
mir,mir.100,25.20837,-80.2194,2024-02-08,ACER,Outplant,6,43,NA,49,0.8775510204081632,"[10,100)",Upper Keys,17
mir,mir.N4,25.20827,-80.2195,2024-02-08,ACER,Outplant,34,22,NA,56,0.39285714285714285,"[10,100)",Upper Keys,17
mir,mir.100,25.20825,-80.21933,2023-10-06,ACER,Outplant,71,12,NA,83,0.14457831325301204,"[10,100)",Upper Keys,17
mir,mir.N9,25.20825,-80.2194,2024-02-08,ACER,Outplant,23,36,NA,59,0.6101694915254238,"[10,100)",Upper Keys,17
mir,mir.N2,25.20731,-80.221,2024-02-08,APAL,Outplant,14,43,NA,57,0.7543859649122807,"[10,100)",Upper Keys,17
mir,mir.148,25.20718,-80.22118,2023-08-12,APAL,Outplant,54,7,NA,61,0.11475409836065574,"[10,100)",Upper Keys,17
mir,mir.274,25.20686,-80.22075,2023-08-12,ACER,Outplant,11,28,NA,39,0.717948717948718,"[10,100)",Upper Keys,17
mir,mir.145,25.20669,-80.22089,2023-08-12,ACER,Outplant,27,5,NA,32,0.15625,"[10,100)",Upper Keys,17
mir,mir.149,25.20652,-80.22102,2023-08-12,ACER,Outplant,28,39,NA,67,0.582089552238806,"[10,100)",Upper Keys,17
mir,mir.N11,25.20606902,-80.221236,2024-02-08,APAL,Outplant,19,51,NA,70,0.7285714285714285,"[10,100)",Upper Keys,17
mir,mir.340,25.14017,-80.29487,2024-02-09,ACER,Outplant,0,36,NA,36,1,"[10,100)",Upper Keys,12
mir,mir.340,25.14017,-80.29487,2023-08-18,ACER,Outplant,2,80,NA,82,0.975609756097561,"[10,100)",Upper Keys,12
mir,mir.350,25.14017,-80.29498,2024-02-09,ACER,Outplant,0,40,NA,40,1,"[10,100)",Upper Keys,12
mir,mir.350,25.14017,-80.29498,2023-08-18,ACER,Outplant,6,80,NA,86,0.9302325581395349,"[10,100)",Upper Keys,12
mir,mir.57,25.13989,-80.29407,2023-08-18,APAL,Outplant,10,76,NA,86,0.8837209302325582,"[10,100)",Upper Keys,12
mir,mir.57,25.13989,-80.29407,2024-02-09,APAL,Outplant,0,89,NA,89,1,"[10,100)",Upper Keys,12
mir,mir.N21,25.13984,-80.2939,2024-02-09,ACER,Outplant,13,64,NA,77,0.8311688311688312,"[10,100)",Upper Keys,12
mir,mir.314,24.90038,-80.61741,2023-08-13,ACER,Outplant,0,45,NA,45,1,"[10,100)",Middle Keys,65
mir,mir.314,24.90038,-80.61741,2023-08-18,ACER,Outplant,0,79,NA,79,1,"[10,100)",Middle Keys,65
mir,mir.286,24.90038,-80.61756,2023-08-18,ACER,Outplant,0,76,NA,76,1,"[10,100)",Middle Keys,65
mir,mir.287,24.90038,-80.61765,2023-09-20,ACER,Outplant,0,66,NA,66,1,"[10,100)",Middle Keys,65
mir,mir.51,24.62647,-81.11008,2023-08-14,ACER,Outplant,1,22,NA,23,0.9565217391304348,"[10,100)",Middle Keys,5
mir,mir.51,24.62647,-81.11008,2023-08-14,APAL,Outplant,0,18,NA,18,1,"[10,100)",Middle Keys,5
mir,mir.51,24.62647,-81.11008,2024-02-12,ACER,Outplant,0,7,NA,7,1,"[0,10)",Middle Keys,5
mir,mir.51,24.62647,-81.11008,2024-02-12,APAL,Outplant,0,30,NA,30,1,"[10,100)",Middle Keys,5
mir,mir.362,24.6264,-81.10957,2023-08-14,APAL,Outplant,11,16,NA,27,0.5925925925925926,"[10,100)",Middle Keys,5
mir,mir.329,24.62621,-81.10946,2024-02-12,ACER,Outplant,0,8,NA,8,1,"[0,10)",Middle Keys,5
mir,mir.329,24.62621,-81.10946,2024-02-12,APAL,Outplant,0,23,NA,23,1,"[10,100)",Middle Keys,5
mir,mir.329,24.62621,-81.10946,2023-08-14,ACER,Outplant,15,45,NA,60,0.75,"[10,100)",Middle Keys,5
mir,mir.53,24.6262,-81.11026,2023-08-14,APAL,Outplant,0,9,NA,9,1,"[0,10)",Middle Keys,5
mir,mir.358,24.62617,-81.11004,2023-08-14,ACER,Outplant,12,42,NA,54,0.7777777777777778,"[10,100)",Middle Keys,5
mir,mir.358,24.62617,-81.11004,2024-02-12,ACER,Outplant,0,56,NA,56,1,"[10,100)",Middle Keys,5
mir,mir.215,24.6261,-81.1104,2023-08-14,ACER,Outplant,2,63,NA,65,0.9692307692307692,"[10,100)",Middle Keys,5
mir,mir.215,24.6261,-81.1104,2024-02-12,ACER,Outplant,0,63,NA,63,1,"[10,100)",Middle Keys,5
mir,mir.23,24.62598,-81.10987,2023-08-14,ACER,Outplant,17,26,NA,43,0.6046511627906976,"[10,100)",Middle Keys,5
mir,mir.264,24.62595,-81.11071,2023-08-14,APAL,Outplant,0,78,NA,78,1,"[10,100)",Middle Keys,5
mir,mir.Strat Site,24.62589,-81.11052,2023-08-14,ACER,Outplant,2,74,NA,76,0.9736842105263158,"[10,100)",Middle Keys,5
mir,mir.185,24.62588,-81.11075,2024-02-12,APAL,Outplant,0,6,NA,6,1,"[0,10)",Middle Keys,5
mir,mir.N1,24.62583,-81.11063,2024-02-12,APAL,Outplant,1,5,NA,6,0.8333333333333334,"[0,10)",Middle Keys,5
mir,mir.N22,24.62573,-81.1107,2024-02-12,APAL,Outplant,0,10,NA,10,1,"[10,100)",Middle Keys,5
mir,mir.91,24.6256,-81.11092,2023-08-14,ACER,Outplant,0,86,NA,86,1,"[10,100)",Middle Keys,5
mir,mir.251,24.62552,-81.11157,2023-08-14,ACER,Outplant,14,10,NA,24,0.4166666666666667,"[10,100)",Middle Keys,5
mir,mir.251,24.62552,-81.11157,2024-02-12,ACER,Outplant,0,29,NA,29,1,"[10,100)",Middle Keys,5
mir,mir.275,24.62543,-81.1115,2024-02-12,ACER,Outplant,0,28,NA,28,1,"[10,100)",Middle Keys,5
mir,mir.275,24.62543,-81.1115,2024-02-12,APAL,Outplant,0,36,NA,36,1,"[10,100)",Middle Keys,5
mir,mir.275,24.62543,-81.1115,2023-08-14,ACER,Outplant,6,37,NA,43,0.8604651162790697,"[10,100)",Middle Keys,5
mir,mir.275,24.62543,-81.1115,2023-08-14,APAL,Outplant,1,64,NA,65,0.9846153846153847,"[10,100)",Middle Keys,5
mir,mir.N23,24.62532,-81.11178,2024-02-12,APAL,Outplant,2,8,NA,10,0.8,"[10,100)",Middle Keys,5
mir,mir.87,24.61504,-81.39368,2023-08-17,ACER,Outplant,0,50,NA,50,1,"[10,100)",Lower Keys,3
mir,mir.166,24.61477,-81.37926,2023-08-17,ACER,Outplant,0,20,NA,20,1,"[10,100)",Lower Keys,3
mir,mir.309,24.61434,-81.38223,2023-08-17,ACER,Outplant,0,60,NA,60,1,"[10,100)",Lower Keys,3
mir,mir.222,24.54708,-81.40182,2023-08-16,APAL,Outplant,0,21,NA,21,1,"[10,100)",Lower Keys,6
mir,mir.160,24.54675,-81.4019,2023-10-09,APAL,Outplant,0,33,NA,33,1,"[10,100)",Lower Keys,6
mir,mir.256,24.54673,-81.40155,2023-08-16,ACER,Outplant,12,20,NA,32,0.625,"[10,100)",Lower Keys,6
mir,mir.19,24.54672,-81.40321,2024-02-12,APAL,Outplant,0,24,NA,24,1,"[10,100)",Lower Keys,6
mir,mir.19,24.54672,-81.40321,2023-08-16,APAL,Outplant,2,16,NA,18,0.8888888888888888,"[10,100)",Lower Keys,6
mir,mir.144,24.54659,-81.402,2023-10-09,ACER,Outplant,0,4,NA,4,1,"[0,10)",Lower Keys,6
mir,mir.144,24.54659,-81.402,2023-10-09,APAL,Outplant,0,4,NA,4,1,"[0,10)",Lower Keys,6
mir,mir.64,24.54654,-81.40187,2023-08-16,ACER,Outplant,26,2,NA,28,0.07142857142857142,"[10,100)",Lower Keys,6
mir,mir.64,24.54654,-81.40187,2024-02-12,ACER,Outplant,0,44,NA,44,1,"[10,100)",Lower Keys,6
mir,mir.111,24.54654,-81.40408,2023-08-16,APAL,Outplant,6,51,NA,57,0.8947368421052632,"[10,100)",Lower Keys,6
mir,mir.111,24.54654,-81.40408,2024-02-12,APAL,Outplant,0,68,NA,68,1,"[10,100)",Lower Keys,6
mir,mir.318,24.54653,-81.4037,2023-10-09,ACER,Outplant,0,52,NA,52,1,"[10,100)",Lower Keys,6
mir,mir.318,24.54653,-81.4037,2023-10-09,APAL,Outplant,0,6,NA,6,1,"[0,10)",Lower Keys,6
mir,mir.184,24.54647,-81.40353,2023-10-09,ACER,Outplant,0,41,NA,41,1,"[10,100)",Lower Keys,6
mir,mir.42,24.54644,-81.40466,2023-08-16,APAL,Outplant,0,39,NA,39,1,"[10,100)",Lower Keys,6
mir,mir.183,24.54641,-81.40371,2023-08-16,ACER,Outplant,3,58,NA,61,0.9508196721311475,"[10,100)",Lower Keys,6
mir,mir.183,24.54641,-81.40371,2024-02-12,ACER,Outplant,0,50,NA,50,1,"[10,100)",Lower Keys,6
mir,mir.183,24.54641,-81.40371,2024-02-12,APAL,Outplant,0,4,NA,4,1,"[0,10)",Lower Keys,6
mir,mir.277,24.5462,-81.40644,2023-08-16,APAL,Outplant,2,55,NA,57,0.9649122807017544,"[10,100)",Lower Keys,6
mir,mir.334,24.54521,-81.40965,2024-02-12,ACER,Outplant,0,16,NA,16,1,"[10,100)",Lower Keys,6
mir,mir.334,24.54521,-81.40965,2023-08-16,ACER,Outplant,18,13,NA,31,0.41935483870967744,"[10,100)",Lower Keys,6
mir,mir.344,24.54515,-81.4095,2023-10-09,ACER,Outplant,0,38,NA,38,1,"[10,100)",Lower Keys,6
mir,mir.165,24.54509,-81.40963,2024-02-12,ACER,Outplant,0,16,NA,16,1,"[10,100)",Lower Keys,6
mir,mir.165,24.54509,-81.40963,2024-02-12,APAL,Outplant,0,7,NA,7,1,"[0,10)",Lower Keys,6
mir,mir.165,24.54509,-81.40963,2023-08-16,ACER,Outplant,17,9,NA,26,0.34615384615384615,"[10,100)",Lower Keys,6
mir,mir.82,24.54508,-81.4096,2023-10-09,APAL,Outplant,0,47,NA,47,1,"[10,100)",Lower Keys,6
mir,mir.323,24.54497,-81.40968,2023-08-16,ACER,Outplant,4,1,NA,5,0.2,"[0,10)",Lower Keys,6
mir,mir.323,24.54497,-81.40968,2023-08-16,APAL,Outplant,2,54,NA,56,0.9642857142857143,"[10,100)",Lower Keys,6
mir,mir.322,24.54481,-81.40964,2023-10-09,ACER,Outplant,0,60,NA,60,1,"[10,100)",Lower Keys,6
mir,mir.B1,24.4624,-81.84084,2023-10-10,ACER,Outplant,0,11,NA,11,1,"[10,100)",Lower Keys,2
mir,mir.B2,24.46237,-81.84076,2023-10-10,ACER,Outplant,0,35,NA,35,1,"[10,100)",Lower Keys,2
mir,mir.B3,24.46235,-81.84067,2024-02-13,ACER,Outplant,0,19,NA,19,1,"[10,100)",Lower Keys,2
mir,mir.B3,24.46235,-81.84067,2023-10-10,ACER,Outplant,3,26,NA,29,0.896551724137931,"[10,100)",Lower Keys,2
mir,mir.214,24.46233,-81.84077,2023-08-15,ACER,Outplant,26,16,NA,42,0.38095238095238093,"[10,100)",Lower Keys,2
mir,mir.214,24.46233,-81.84077,2024-02-13,ACER,Outplant,0,45,NA,45,1,"[10,100)",Lower Keys,2
mir,mir.B4,24.4623,-81.84059,2023-10-06,ACER,Outplant,0,7,NA,7,1,"[0,10)",Lower Keys,2
mir,mir.246,24.46167,-81.8418,2023-10-10,APAL,Outplant,0,50,NA,50,1,"[10,100)",Lower Keys,2
mir,mir.162,24.4616,-81.8418,2023-10-10,ACER,Outplant,0,52,NA,52,1,"[10,100)",Lower Keys,2
mir,mir.162,24.4616,-81.8418,2023-10-10,APAL,Outplant,0,34,NA,34,1,"[10,100)",Lower Keys,2
mir,mir.200,24.46157,-81.84183,2023-08-15,ACER,Outplant,14,3,NA,17,0.17647058823529413,"[10,100)",Lower Keys,2
mir,mir.200,24.46157,-81.84183,2023-08-15,APAL,Outplant,0,20,NA,20,1,"[10,100)",Lower Keys,2
mir,mir.200,24.46157,-81.84183,2024-02-13,ACER,Outplant,0,59,NA,59,1,"[10,100)",Lower Keys,2
mir,mir.200,24.46157,-81.84183,2024-02-13,APAL,Outplant,0,4,NA,4,1,"[0,10)",Lower Keys,2
mir,mir.T,24.46154,-81.84148,2023-10-06,ACER,Outplant,0,81,NA,81,1,"[10,100)",Lower Keys,2
mir,mir.120.1,24.4607,-81.8421,2023-10-10,ACER,Outplant,0,68,NA,68,1,"[10,100)",Lower Keys,2
mir,mir.120.2,24.46069,-81.84199,2024-02-13,ACER,Outplant,0,59,NA,59,1,"[10,100)",Lower Keys,2
mir,mir.120.2,24.46069,-81.84199,2023-08-15,ACER,Outplant,27,39,NA,66,0.5909090909090909,"[10,100)",Lower Keys,2
mir,mir.120.2,24.46069,-81.84199,2023-08-15,APAL,Outplant,0,2,NA,2,1,"[0,10)",Lower Keys,2
mir,mir.X,24.46054,-81.84161,2024-02-13,ACER,Outplant,0,34,NA,34,1,"[10,100)",Lower Keys,2
mir,mir.X,24.46054,-81.84161,2023-10-06,ACER,Outplant,5,27,NA,32,0.84375,"[10,100)",Lower Keys,2
mir,mir.127,24.45984,-81.8435,2024-02-13,APAL,Outplant,0,36,NA,36,1,"[10,100)",Lower Keys,2
mir,mir.127,24.45984,-81.8435,2023-10-10,APAL,Outplant,2,28,NA,30,0.9333333333333333,"[10,100)",Lower Keys,2
mir,mir.128,24.45959,-81.84373,2023-08-15,APAL,Outplant,8,17,NA,25,0.68,"[10,100)",Lower Keys,2
mir,mir.128,24.45959,-81.84373,2024-02-13,APAL,Outplant,0,86,NA,86,1,"[10,100)",Lower Keys,2
mir,mir.308,24.45952,-81.84548,2024-02-13,APAL,Outplant,6,35,NA,41,0.8536585365853658,"[10,100)",Lower Keys,2
mir,mir.307,24.45945,-81.84477,2023-08-15,ACER,Outplant,4,15,NA,19,0.7894736842105263,"[10,100)",Lower Keys,2
mir,mir.307,24.45945,-81.84477,2023-08-15,APAL,Outplant,2,3,NA,5,0.6,"[0,10)",Lower Keys,2
mir,mir.307,24.45945,-81.84477,2024-02-13,APAL,Outplant,0,44,NA,44,1,"[10,100)",Lower Keys,2
mir,mir.141,24.45944,-81.84426,2023-08-15,APAL,Outplant,9,23,NA,32,0.71875,"[10,100)",Lower Keys,2
mir,mir.141,24.45944,-81.84426,2024-02-13,APAL,Outplant,3,65,NA,68,0.9558823529411765,"[10,100)",Lower Keys,2
mir,mir.295,24.45935,-81.84537,2024-02-13,APAL,Outplant,4,62,NA,66,0.9393939393939394,"[10,100)",Lower Keys,2
mir,mir.35,24.45929,-81.84502,2024-02-13,ACER,Outplant,0,34,NA,34,1,"[10,100)",Lower Keys,2
mir,mir.35,24.45929,-81.84502,2023-08-15,ACER,Outplant,39,11,NA,50,0.22,"[10,100)",Lower Keys,2
mir,mir.131,24.4592,-81.84578,2024-02-13,ACER,Outplant,0,21,NA,21,1,"[10,100)",Lower Keys,2
mir,mir.131,24.4592,-81.84578,2024-02-13,APAL,Outplant,1,52,NA,53,0.9811320754716981,"[10,100)",Lower Keys,2
mir,mir.80,24.45918,-81.84591,2024-02-13,APAL,Outplant,0,53,NA,53,1,"[10,100)",Lower Keys,2
mir,mir.80,24.45918,-81.84591,2023-08-15,APAL,Outplant,3,31,NA,34,0.9117647058823529,"[10,100)",Lower Keys,2
mir,mir.126,24.45915,-81.8431,2023-10-10,ACER,Outplant,0,13,NA,13,1,"[10,100)",Lower Keys,2
mir,mir.152,24.45905,-81.84366,2023-08-15,ACER,Outplant,10,2,NA,12,0.16666666666666666,"[10,100)",Lower Keys,2
mir,mir.152,24.45905,-81.84366,2024-02-13,ACER,Outplant,0,12,NA,12,1,"[10,100)",Lower Keys,2
mir,mir.281,24.45888,-81.84304,2023-08-15,ACER,Outplant,11,1,NA,12,0.08333333333333333,"[10,100)",Lower Keys,2
mir,mir.281,24.45888,-81.84304,2024-02-13,ACER,Outplant,0,25,NA,25,1,"[10,100)",Lower Keys,2
bnp,bnp.BB-Mote1,25.31886,-80.18461,2024-03-01,APAL,Outplant,3,97,26,100,0.97,"[100,1e+03)",Biscayne,23
bnp,bnp.BB-Mote2,25.31633,-80.18793,2024-03-01,APAL,Outplant,20,80,35,100,0.8,"[100,1e+03)",Biscayne,23
bnp,bnp.Shadow-Mote3,25.47782,-80.14075,2024-03-01,APAL,Outplant,7,93,11,100,0.93,"[100,1e+03)",Biscayne,58
bnp,bnp.Brewster Reef-RSMAS,25.56662,-80.09994,2024-05-01,APAL,Outplant,2,98,NA,100,0.98,"[100,1e+03)",Biscayne,61
bnp,bnp.Safety Valve/Star-RSMAS,25.53167,-80.10287,2024-05-01,APAL,Outplant,11,89,NA,100,0.89,"[100,1e+03)",Biscayne,66
bnp,bnp.Valentine-RSMAS,25.55705,-80.101,2024-03-01,APAL,Outplant,5,95,NA,100,0.95,"[100,1e+03)",Biscayne,61
bnp,bnp.Amanda's Reef,25.35239,-80.17854,2024-03-01,APAL,Wild,0,8,NA,8,1,"[0,10)",Biscayne,67
bnp,bnp.BB-Ball Paul,25.3160240035504,-80.1880090311169,2024-03-01,APAL,Wild,3,0,NA,3,0,"[0,10)",Biscayne,23
bnp,bnp.BB-BB3,25.31686,-80.18575,2024-03-01,APAL,Wild,1,0,NA,1,0,"[0,10)",Biscayne,23
bnp,bnp.BB-Cpal,25.31741,-80.1852,2024-03-01,APAL,Wild,10,1,NA,11,0.09090909090909091,"[10,100)",Biscayne,23
bnp,bnp.BB-MD1,25.31541,-80.18781,2024-03-01,APAL,Wild,1,0,NA,1,0,"[0,10)",Biscayne,23
bnp,bnp.BB-North,25.3186939749866,-80.1842970214784,2024-03-01,APAL,Wild,0,7,NA,7,1,"[0,10)",Biscayne,23
bnp,bnp.Brewster Reef,25.56662,-80.09994,2024-03-01,APAL,Wild,0,11,NA,11,1,"[10,100)",Biscayne,61
bnp,bnp.DR9,25.36019,-80.16647,2024-03-01,APAL,Wild,0,1,NA,1,1,"[0,10)",Biscayne,67
bnp,bnp.Fowey,25.57247,-80.09977,2024-03-01,APAL,Wild,1,0,NA,1,0,"[0,10)",Biscayne,61
bnp,bnp.Laura Palmata,25.33529,-80.17822,2024-03-01,APAL,Wild,0,43,NA,43,1,"[10,100)",Biscayne,68
bnp,bnp.Shadow Reef,25.47765,-80.14082,2024-03-01,APAL,Wild,0,26,NA,26,1,"[10,100)",Biscayne,58
